Time (ms),Sensor,Temperature (° C),Sensor Frequency (Hz),Reference Frequency (Hz),Recharge Register,Window Factor,Sensitivity,Passive,Standby
0.000000,1,79,178001,170524,0,7.630000,l,0,0 
244.532600,1,79,178062,170524,0,7.630000,l,0,0 
510.516500,1,79,178047,170524,0,7.630000,l,0,0 
772.798700,1,79,178077,170539,0,7.630000,l,0,0 
1034.804900,1,79,178054,170524,0,7.630000,l,0,0 
1296.870400,1,79,178077,170532,0,7.630000,l,0,0 
